twitter_id,handle,username,realname,location
14851579,_kyliejane,Kylie Wilson,,
223959960,_penguin_runner,Kirsten Reilly,,
750118427105320960,_sebastianch_,Sebastian Hancock,,
524827769,_willdebras,Will Bonnell,,
98332912,1LuisDavid,Luis David R,,
1167140433329348608,21_foxi,foxi.21,,
1055130038092345344,24horasqroo,24 Horas Quintana Roo,,
1056624482566266880,57x025,emil,,
359015182,7Javier6,Javier,,
142327013,a_esceptica,AECH,,
378353279,a3065794,fer,,
1162392841303277568,ABpdts,AndrewBoltonBPDTS,,
1656493320,adalMC,Adalberto Manzanilla,,
849655357320200192,AdamAstro3,Adam Astro,,
1669086991,AdamCares99,Adam Cares,,
768386760216805376,adamdsteer,"Adam Steer, doctor of all the things!",,
19429174,AdamGruer,Adam Gruer,,
1158109936146092033,AdamMico1,Adam Mico,,
797871767809380352,AdiBop_,A. D. Mac,,
116146018,adisadit,Adityo Dwijananto,,
982048786620010497,AdonaisLee,Lee Adonais,,
152954171,AGrinsted,Aslak Grinsted,,
509842172,AgroDer,AgroDer,,
818719251272003584,AgroDer_Intl,AgroDer Intl,,
799775490,AHerodoto,Almacenes HerÃ³doto,,
215404498,akadouri,Ariel Kadouri,,
14868073,alastairotter,Alastair Otter,,
65498243,aletslopez,Alecantropo.,,
330588903,Alex_geomatic,GraniÃ© Alexandre,,
48219656,alexgleith,Alex Leith,,
572767490,alfaroca1983,Alfonso Rojas Castro,,
374030118,AlfieMar93,Alfredo M,,
1191756832458649600,Alice_Caron_,Alice Caron,,
992414114235473920,alidrisicarto,Alidrisi CartografÃ­a,,
886193556,AllisonCully,Allison Cully,,Canada
43329195,almablanco,El Alma de los Tacos,,
3986539095,AlonyCo,AlonyCo,,
2205978287,AlsuhailFaris,Faris Alsuhail,,
917742999844605952,AlxndrTheNate,Nathaniel A. Douglass,,
738681300,alyne_daluz,Alyne Spencer GonÃ§alves,,
3615739874,am_fallatah,Ahmad Fallatah,,
1105027229854126080,AMbabani,Allan Mbabani,,
81822434,amcharts,amCharts,,
3270581047,AnalisisGeo,Felipe Sosa,,
1047005255815368705,analytiikka,Kouvola Analytica Â ğŸ“Š,,
538253168,Anamhoo,Anamhoo,,
93839237,andrewdc_nz,Andrew DC,,
301593228,AndrewRenninger,Andrew Renninger,,
364244689,Andria_Tzedda,Andria Tzedda,,
536467754,andy_meinke,Andreas Meinke,,
1513661708,andy_rutkowski,Andy Rutkowski,,
13844282,anlugonz,Ana LucÃ­a GonzÃ¡lez,,
184827671,AntenaSanLuis,Antena San Luis,,
1068074446714531841,AnthonyJohnG,AnthonyJ,,
113729499,antoaasa,Anto Aasa,,
1228027256,AntoinePeris,Antoine Peris,,
1033085881203273729,AntonyBarja1,Antony.Barja,,
467655057,AppDemography,Alexis R[ex] Santos-Lozada,,
849475725342199816,aptx4869yuyang,Yang Yu,,
833978346,Arash_Hajikhani,Arash Hajikhani,,
980523776,arevaju,Juan Arevalo,,
206952204,Arfness,Andrew Fraser + Câ‚ˆHâ‚â‚€Nâ‚„Oâ‚‚,,
72170599,armiok,Mario Alberto HernÃ¡ndez RomÃ¡n,,
800277926348324864,Arnold_Platon,Arnold Platon,,
732695379288961026,Artisans_Cartos,ArtisansCartographes,,
14806596,aschiff,Aaron Schiff,,
137107982,atdodkonfektes,Zane,,
17221081,AuntieP,Paula Bailey,,
938055192221765634,AurelienChaumet,Aurelien Chaumet,,
22914910,Avenza,Avenza Systems Inc.,,
832950829,axelkreuter,axel,,
1100674141886267393,AyrtonBourn,Ayrton Bourn,,
25663399,azolnai,Andrew Zolnai,,
143003238,bartdezwart,Bart de Zwart,,
180435860,bayoishola20,Adebayo Yusuf Ishola,,
235478148,bbroex,Bart Broex,,
1133697731573288961,beckienutbrown,Beckie,,
414943174,benfriin,Ben,,
717816955,BethJackson1x,Beth Jackson,,
3981933203,bettermeasured,Olga Kononykhina,,
3430582660,BigDataBatman,,,
50958323,Bill_Bluray,Tony Hauck,,
1074378707438055426,BlandfordBread,Blandford Bread,,
437801734,blanky343,Antonia Blankenberg,,
2150859030,BNiene,Niene Boeijen,,
32283900,BorisMericskay,Boris Mericskay,,
65125461,bplmaps,Leventhal Map & Education Center at the BPL,,
53730751,breki74,Igor Brejc - scalablemaps.com,,
791292018,BrittLonneville,Britt Lonneville,,
751293619,bumaBAgyo,BA Racoma (áœŠ),,
17448121,cadcorp,Cadcorp,,
1034474302643433472,CaislinF,Caislin Firth,,
3362151886,canope_94,Atelier CanopÃ© 94 - Champigny-sur-Marne,,
1146983815,caracevaaa,Sam van der Weerden,,
4501898785,CarmenCarro_,Carmen Carro,,
1400315078,carolinebuttet,carolinebuttet,,
39364847,carolpos,carolina passos,,
200467525,cartdeco1,Craig Molyneux,,
1084929177755807744,cartiqomaps,cartiqo,,
1710706561,cartocalypse,cartocalypse,,
193017765,CatastroBogota,Catastro BogotÃ¡,,
822048926081712128,Cchurchili,Carl Churchill,,
352483604,CdE_UNODC,Centro de Excelencia,,
3092381638,CedScherer,CÃ©dric Scherer,,
153144751,chalaoliverio,Joaquin Oliverio,,
799835587104514048,chisatini,Chisato,,
38010177,citizenfishy,Sweary Dave,,
1021342805971603456,citysbackyard,City's Backyard,,
1153769354359709699,CivicUnam,UNAM Civic Innovation Lab,,
1073323083170238466,cizzart,CÃ©sar,,
1061337403795791872,cmjonestodd,C. M. Jones-Todd,,
996840260683423744,col_en_datos,Colombia en datos,,
1192848641771393027,Colmixe,Colmix,,
822161886271668224,conor_tompkins,Conor Tompkins,,
1678176613,corti_nicolas,NicolÃ¡s Corti,,
153718180,CraigTaylorGIS,Craig Taylor,,
3180922855,crisalpuche,Cris,,
97729765,cruizch,Carlos Ruiz,,
333524694,CRVanPollard,Christopher Pollard,,
2322569388,csaladenes,DÃ©nes Csala,,
1063619347,CushenMichael,Michael Cushen,,
4114415052,d_vigilr,Daniel Vigil,,
33788841,dakvid,suÇbbÄ±É¹ÉŸ pÄ±ÊŒÉp,David Friggens,New Zealand
102093197,danc00ks0n,Dan Cookson,,
155965570,danidlsa,Daniela de los Santos,,
73006865,Daniel_AvOr,Daniel Avila,,
379176102,daniel_isita,D.,,
167987822,DanielChoperena,Daniel Choperena,,
1243361766,DanielKiuri,Daniel Kiuri,,
943165730953994240,danihelop15,Daniela HernÃ¡ndez LÃ³pez,,
14344140,darenw,Daren Willman,,
1605374798,data_nurse,Dan Miller,,
3195595218,datacivica,Data CÃ­vica,,
488000929,datagistips,mathieu rajerison,,
793451042885296128,datarttu,Arttu Kosonen,,
2362998974,datavizero,Baruch,,
3171679118,DataVizzdom,Gulrez Khan,,
1164962481648754689,datenkimchi,Joseph Berkner,,
951931529344770048,David_I_Berry,David Berry,,
799989757472374784,DavidNg96191301,David Ng'ang'a,,
453857487,DCMusicCRO,"DCMusucCRO,Â ğŸ¹",,
85232878,ddiazescandon,David DÃ­az EscandÃ³n,,
877812200056000513,demomapper,Sebastian Kluesener,,
237889929,DeniseDSLu,à² _à² ,,
257218656,DESCIFRA,DESCIFRA,,
107890940,diegopajarito,Diego Pajarito G.,,
3194863402,digimaps,CartografÃ­a Digital,,
153992205,DinoD22,Dino,,
115085551,drasquinha,^_^,,
3302833893,drawingdata,Flooh Perlot,,
44827280,dshinabarger,David Shinabarger,,
883354862896984066,DSL_power,MichaÅ‚ Pilch,,
44628668,duckinwales,David,,
481724987,DylanMoriarty,Dylan HoHoHoriarty,,
1063455325636972544,e_steindl,Elisabeth Steindl,,
210937952,edaniel_ramirez,Edgar Daniel,,
968665034837676033,edeleonw,Ernesto de LeÃ³n,,
1058153682905296896,EI_Manny,Emmanuel Espinoza,,
836653702182207492,Elio_Javi,Javier ElÃ­o,,
950499805435801600,Emmanue17939044,Emmanuel R,,
3346807874,EmmaVitz,Emma Vitz,,New Zealand
2756004123,emu_info,Emu Analytics,,
121771868,EnriqeSc,Enrique SantibÃ¡Ã±ez CortÃ©s,,
1105836507380805632,eo_services,eoservices,,
1010655874073939973,ErinLaBrecq,Dr. Erin LaBrecque,,
18059285,ernestopriego,Ernesto Priego,,
1483182222,EscuelaDeDatos,Escuela de Datos,,
55223060,Esri_de,Esri Deutschland,,
3186375235,EstadisticasGob,EstadÃ­sticasGobierno,,
1148388547461865472,EternaTesis,LaTesisInterminable,,
863888213441564672,EVB221,Andrew Fletcher,,
47698876,evelynuuemaa,Evelyn,,
1149534502999351302,Events_Anim,Animations events,,
1181892034371735552,EwanMcLaughlin6,Ewan McLaughlin,,
784536412112687104,fahimgeoarts,Fahim Hossain,,
3323332149,FelipeSMBarros,FelipeBarros,,
920204440606593024,filipebatsilv,FBS Â ğŸ‡µğŸ‡¹ Â ğŸ‡®ğŸ‡¹ Â ğŸ‡ªğŸ‡º Â ğŸ‡­ğŸ‡°,,
836672106377138181,FINGEYMAJIG,FINGEYMAJIG,,
944663443,fishvice,Einar HjÃ¶rleifsson,,
2753137018,FjgomezCR,Javier Gomez,,
2223779250,fjtweedie,Fiona Tweedie,,
794104607131795456,FLOU_ltd,FLOU,,
31267461,frida_celis,Frida Celis,,
378758356,FridolinDK,Fridolin Okkels,,
2777135623,Friendly_Cities,friendly cities lab,,
841465160187428866,fritzGIS,Diane Fritz Â â„ï¸Â ğŸš²Â ğŸ•,,
1178956904262852608,FullerofScience,Kathryn Fuller,,
746417021563199489,G_Data_Cyclist,Daniel Patterson,,
60300190,g_fiske,Greg Fiske,,
941025427358752768,gabrlir,Gabriel HernÃ¡nez Lira,,
2367649759,Gaelle_Sutton,GaÃ«lle,,
959278238697644032,galindowski,Carlos Galindo,,
612415418,gallicist,Timmy,,
2749312112,garciaart3,DoctorJ,,
144985692,gefylen,Gorm Â ğŸŒ²,,
1068081944364109824,Generally_Geo,Pete King,,
725799693842812929,geo_brady,brady,,
938705116298924032,Geo_BrianJ,Brian Johnston,,
1193170442,GeoBeerCH,GeoBeer Switzerland,,
3308382005,GeoConor,Conor Graham - Geography Jedi Â ğŸï¸Â ğŸ›°ï¸Â â›°ï¸Â ğŸŒ‹Â ğŸŒÂ ğŸŒÂ ğŸŒ,,
3994467513,GeogDave,David Martin,,
715437344858443776,geogologue,Dr Katie Hall,,
20448935,geografa,Rafa Gutierrez,,
2408324521,GeografoSevilla,Antonio Reyna S.,,
849848366372671488,GeointMerida,MÃ©rida Geoint,,
900548798,Geolytix,GEOLYTIX,,
7159622,geomenke,Kurt Menke,,
3826840633,geominds,Geominds,,
140068360,GeomniUK,GeomniUK,,
1106538405469540353,geospatialwomen,Women in Geospatial+,,
1067216664444338176,Gerard_Mauro,Gerardo Najera,,
69918773,Gerardathletics,Gerard M. Porras,,
915339546358886400,gevlexparsimon,Gevorg Yeghikyan,,
67201764,GforGio,Gi Gi Oh!,,
3613770735,GIS_and_Beers,GIS and Beers,,
874597331424993281,GIS_Manipulator,The Spatial Data Manipulator,,
919806358328958976,gis3700,Vicky Verscheijden,,
732218664875753472,GIS4Teachers,GIS for Education,,
190367688,GIShaun,Shaun Eaves,,
973813309811187713,gispofinland,Gispo,,
17174685,gmapsmania,gmapsmania,,
2738276940,gmbeisbol,GrÃ¡ficos y MÃ©tricas,,
331084634,gmsooner,Garret Merle,,
2742268580,GobiernoFacil,Gobierno FÃ¡cil,,
2537792462,GokulAnand_,Gokul Anand,,
14992557,gontsa,gontsa,,
254280354,Goolzoom,Goolzoom,,
18922205,govtechnews,Govtech.com,,
802271893562806272,grace_miswa,Grace Miswa,,
248833871,greenpath_urban,Henri Blom,,
768902350442467328,greenynorfolk,Adam Green,,
474145944,Grisoudre,CÃ©cile Rodrigues,,
948687702957936641,GrrdJul,JulGrrd,,
1132099800827088896,Gustav_Ahumada,Gustavo Ahumada,,
940411502,GutierrezyMarco,marko gutierrez,,
156471512,hailmika,Mika,,
760094405369946112,hansakwast,Hans van der Kwast,,
51414990,HarelDan,HD,,
968794335532773376,haritatez,GISandTurkey,,
993084916509356037,Havegum,Halvard Vegum,,
1499547780,HeikkiVesanto,Heikki Vesanto,,
1683967207,HelenOfStow,Helen Cooper,,
261631571,hendrikxleo,Leo,,
10112612,herrfischer,Tin Fischer,,
2574612668,hireuter,hannes reuter,,
3093644109,HomesteadPost,Homestead Post Music,,
5685812,hrbrmstr,boB Rudis,Bob Rudis,USA
256913925,hudsonseb,sebastian hudson,,
211922499,humbertoivanrm,Humberto IvÃ¡n,,
1163931133635117062,HutterNils,Nils Hutter,,
14786159,iAgua,iAgua Â ğŸ’§ #CETA2020,,
878191744076140544,iamgkadam,Ganesh Kadamur,,
25662004,iamreddave,SlÃ¡inte Claus,,
2239825712,IIEGJ,IIEG Jalisco,,
77265423,ijturton,Ian Turton,,
739773414316118017,ikashnitsky,Ilya Kashnitsky,,
21386804,ilyabo,Ilya Boyandin,,
1050564098499465217,ImperiiaProject,The Imperiia Project,,
527879669,inari_ta,Irene de la Torre,,
1144303064871948288,indiaviz,indiaviz,,
784490512317227008,inevap_dgo,inevap Durango,,
2841114117,ing_ressive,Inga,,
10360,Innisfree,Innisfree,,
596766035,insituphile,Phil Bresnahan,,
5851532,iridium,Shawn Day,,
393905106,iservia,Ignasi ServiÃ ,,
3288206489,IvettAlexa,KovÃ¡cs Ivett,,
987203394,izcalli123,Izcalli 1 2 3,,
97376799,J_Rdrgz,JosuÃ© RodrÃ­guez,,
871507701230166016,J17Cardoso,Joaquim Cardoso,,
311971171,JaakkoTalonen,Jaakko Talonen,,
1152647359559602177,jacopofochi,Jacopo Fochi,,
27186708,jccpmx,Carlos CortÃ©s,,
1571967648,jdatap,John (JP) Coene,,
297338489,JeffersonKlo,Jefferson sanchez,,
595646255,jelledz,Jelle,,
75380294,jeroaranda,Jero,,
13215962,jerry_shannon,Jerry Shannon,,
240069436,jh550,Jessica Hammond,,
1189776035295961089,jlOlarteQ,jlOlarteQ,,
48049559,jlsolis,Javier L Solis,,
36602303,jmtoralc,Manuel Toral,,
172596704,JO5_3,JosÃ©,,
1192265670937006080,JoanManuelColn1,Joan Manuel ColÃ³n,,
35546882,joannecheng,Joanne Cheng,,
2295086395,JohannesKolu,Johannes Kolu,,
3687410963,John_Jeffraie,Vincent,,
381150541,John_M_Nelson,John Nelson,,
134678634,JonathanPineros,Jonathan PiÃ±eros P,,
2185841,jonolave,Jon Olav H. Eikenes,,
22146490,JorisEekhout,Joris Eekhout,,
75732594,joseacontreras,Jose A Contreras,,
1066765896297979904,joseanRdelaCRUZ,JosÃ© Antonio RodrÃ­guez de la Cruz,,
928337808,joselin_ce,Joselin,,
982971805555154944,josephlewis1992,Joseph Lewis,,
1190443883802636289,joshua_sumers,joshua sumers,,
16692909,jscarto,Joshua Stevens,,
730671321965854721,jsoksanen,Juha Oksanen,,
305848434,juan_rober,Juan Roberto Reynoso,,
2380934868,Juanizio_C,Juanizio Correa Parra,,
3911954789,Jul_Dum,Julia Dumont,,
941323532796960768,juliaalopez8,julia a lopez,,
55144696,Julioggd,Julio GonzÃ¡lez,,
3195365733,Junevgt,Justine Vignat,,
260088313,JuvenalCamposF,Juvenal,,
2151416654,jvjohnsm,Jack Johnson,,
490203473,JWanhalinna,Jaakko Wanhalinna,,
21155434,JWGoldsmith,Jeremy W. Goldsmith,,
43953969,jwoLondon,Jo Wood,,
41086930,kaankalkan,Kaan Kalkan,,
873363256030580736,kahosford,Kate Hosford,,
25901601,Kaihopu,Ian Harrison,,
2600429268,karim_douieb,Karim DouÃ¯eb,,
786854542256304128,Kate_GIS,Kate Amanda Booth,,
2954980581,kbakaric1,Kristijan Bakaric,,
11094672,KeirClarke,Keir Clarke,,
18070462,keirdubois,Keir DuBois,,
1343137980,kemby_geo,Kerrie Bushway,,
972970855029493760,kendelldotio,Kendell Welch,,
20668314,kennethfield,Kenneth Field,,
1591318920,kerooksblog,"Anna, Kerook",,
21344379,kestert,Â ğŸ¯Â ğŸ†Kester é«˜å±± Â ğŸ†Â ğŸ”,,
3935845456,kevpluck,Â âš«ï¸ Kevin Pluck,,
275677658,kgjenkins,Keith Jenkins,,
800447204020219904,Kim_Fitter,Kim Fitter,,
415762246,kimus_93,Joaquin Beltran,,
14149194,KiriCarini,Kiri Carini,,
53629667,kiwirebecca,Rebecca Clarke,,
2548848856,knozi1,g.katz,,
1042729382,koen_hufkens,Dr. Koen Hufkens,,
20379464,komzpa,Darafei KomÑpa Praliaskouski,,
1105125638548135936,kovalainenaa,Anniina Kovalainen,,
461965493,kriksine,KristÄ«ne,,
1191805068925751301,KrisMar13325987,mike,,
515934802,kwsSanDiego,Kyle W. Smith,,
892006500,lacxrx,Romain Lx,,
39839816,Landa23,Emmanuel,,
17595399,larsheemskerk,Lars Heemskerk,,
24961658,larust,LÃ¡rus Ãorvaldsson,,
2869692951,LASACONGRESS,LASA-Latin American Studies Association,,
1465157221,laurentgontier,laurent gontier,,
160276179,lcgeography,Alistair Hamill,,
92087225,LDSISurveying,"LDSI, Inc.",,
173910626,leonidasliakos,Leonidas Liakos,,
818668655693004801,LGeospatial,Aaron Licker,,
1190756183067578369,lhubrechsen,lhubrechsen,,
736473892487827457,lifelearner47,a. f.,,
23977274,limmoraliste,Frank Garrett,,
316232211,LINZLDS,LINZ Data Service,,
1053264370573172736,livia_jakob,Livia Jakob,,
1415401712,LocalFocusNL,LocalFocus,,
2868217824,lostgps,lost gps,,
17970626,Lucas_Berlin,Lucas Verweij,,
227618482,LuisAguilarCruz,Luis Aguilar Cruz,,
1051665522700546048,Luismiau6,Miau FalcÃ³n,,
1167821730599096320,Lungu_Dia,Diana Lungu,,
453028244,lutraconsulting,Lutra Consulting,,
2889619139,luyibov,liubov,,
920588104678899712,lvmgeo,LVM GEO,,
17523331,lyzidiamond,Lyzi Diamond in New York Â ğŸ,,
4166491516,m_michalko,Miloslav Michalko,,
102011451,m_raistr,Mike Raistrick,,
17242884,maartenzam,Maarten Lambrechts,,
725416219008864256,mackenzieob210,Mackenzie Oâ€™Brien,,
1047515999761780736,magdaramirez09,Magda Ramirez,,
118795641,magonza9,Mauricio GonzÃ¡lez,,
21193285,ManAboutCouch,Richard Cantwell,,
3875645419,Manatimx,ManatÃ­,,
904024434935255042,Manlio_Rolon,Man Lio,,
3319250370,manuu_tr,Â âœ¨,,
67290711,mapmakerdavid,ğŒ ğ€ ğ ğŒ ğ€ ğŠ ğ„ ğ‘,David Garcia,New Zealand
4669435267,MapMakinMeyers,Justin Meyers,,USA
381118369,MapNav_Tom,Tom Armitage,,
781455687444463616,mapping_boy,"mÊ‹sÃ£ Æ˜. Æ®hiessen - THIONG'O, kamau MOSES (TKM)",,
992022472965976065,MappleAnalytics,Mapple,,
18175211,maptastik,maptastik,,
1082711230459060224,maptheclouds,MapTheClouds,,
510774054,marcel__dekker,Marcel Dekker,,
72407230,marcmarean,Marc Marean,,
1669906789,MarcoMinghini,Marco Minghini,,Italy
125288058,MarcusNeil,Â â›„ Sir MarcNeil Amandy Â â„,,
356528779,margarib92,Marwah  Garib,,
935908471224045569,Marieannevarga,Marie Anne Varga,,
775431997112147972,MarleneDorgny,MarlÃ¨ne Dorgny,,
455844201,MarrastRomain,Cartosport.com,,
14707170,MartinBangratz,Martin Â ğŸš¡,,
883391969447206913,martinfleis,Martin Fleischmann,,
1009026611608473600,MartinSenn6,Martin Senn,,
1466897384,MattiJKokkonen,Matti Kokkonen,,
253246806,MattOldach,Matt.0,,
712708230669963264,Mau_Mendozax,Pedro Pimentel,,
121618146,maurosc3ner,Esteban Correa,,
730813453246464001,MConstituciones,"Museo de las Constituciones, UNAM",,
29109766,mdurazob,Manuel Durazo,,
970750159,Meesterdoug,dougie,,
625544587,micefearboggis,John Kennedy,,
269294137,michelstuyts,Michel Stuyts Â ğŸŒ,,
17026228,mikusthetiger,Michael McNeil,,
2787878432,mildthing99,BC,,
1715370056,MilesMcBain,Miles McBain,,
796152745203929089,mim_djo,Mim,,
839884245212495875,MinaOzgen,Mina Ozgen,,
736009987,MiniTigri,Felipe Lancheros Â ğŸ¯,,
19001296,minus34,Hugh Saalmans,,
715056173268000773,mirbole01,Sylvain Genevois,,
570767951,mirzacengic,Mirza Cengic,,
105900000,mishelle_mg,Mishelle MuÃ±oz,,
54810639,miskaknapek,miska knapek,,
159574073,mjlegg,Michael Legg,,
1056888822942711808,mmits003,mits miyake,,
36121150,moaimx,Irving MA,,
1109071770814951424,Ms_Pixels,AB Ansah,,
732808808,muradcobanoglu,Murad Ã‡obanoÄŸlu,,
2689904899,mwigley2,Mark Wigley,,
1057314717637767169,MxDatalab,Data Lab Mx,,
1137139989744144390,my_physical,MyPhysicalWorld,,
400903620,NadiiaGorash,Nadiia,,
1490947969,Natpatat11,Natalie Robbins,,
134636597,ncorona24,Erick,,
2620245419,negbogah,Ifeoma Oti Egbogah MSc,,
21752435,neilcharles_uk,Neil Charles,,
34593313,nekuz,NicolÃ¡s E. Kuzminski,,
261870894,nelly_requena,nelly requena,,
895848186148933632,NESTA_US,NESTA-USÂ ğŸŒ,,
3123452678,niclochg,Maedhbh Nic Lochlainn,,
1169826739,nicolaraluk,Raluca Nicola,,
595679839,nikolasander,Dr Nikola Sander,,
1192785003429556224,nimishadavis369,Nimisha Davis,,
104537491,ninatsuts,Nina Lindell,,
288471610,nixzusehen,Darrell Fuhriman Â â†™ï¸Â â†™ï¸Â â†™ï¸,,
712499518491791361,njanakiev,Nikolai Janakiev,,
861380060602920962,njxxllc,njxxllc,,
2446784474,NkhiliA,Nkhili Asma,,
1164910240271200256,nmnsgr,NMN,,
17462738,nono400,Arnaud MÃ©nard,,
260370353,NoticierosGREM,Noticieros GREM,,
1156558652016340992,NumeraLoka,Numera Loka,,
252009888,odilon72,AgnÃ¨s Stienne,,
16818499,oeon,joe larson,,
1033570936316936193,OInnocensia,InnocensiaO,,
147125258,ojespejo,Oscar Javier Espejo,,
552414805,OJuarezFlores,Oscar Juarez,,
1575865958,OLjohnel,John O'Leary,,
1454843694,onestopmap,One Stop Map,,
1121206581704761344,OnliHype,Onli,,
81191224,opolipiveper_,Ã“liver Arancibia,,
12248552,orbemapa,Orbemapa,,
162456486,osornomarcela,Marcela Dolores Guerra Osorno,,
29738088,ouzmetee,Muhammed OÄŸuzhan Mete,,
2809999793,owenjpowell,Owen Powell,,
53773597,ozy_man,Andrew Campbell,,
1099991445371523072,paavokokkonen,Paavo Kokkonen,,
923519114936832003,Paola_barbarbo,Paola Barajas Barbos,,
101345676,pardo_bandai,Pardo Bandai,,
39204419,pascal_n,Pascal Neis,,
1238686238,patalgura,Â â˜,,
23114261,PaToLGuiN_,PaToLGuiN,,
108979413,patriloto,ã€ğ‘ƒğ‘ğ‘¡ğ‘Ÿğ‘–ğ‘ğ‘–ğ‘ ğ¿ğ‘œğ‘¡ğ‘œã€‘,,
982429849,pedro_com_es,Pedro SuÃ¡rez,,
1172135668065144834,PEMaps1,PE Maps,,
65573786,pepe6,El piso es lava,,
564485021,Peterincan,Peter Atwood,,
635233118,PhilipDellar,Philip Dellar,,
4241359336,philmassicotte,Philippe Massicotte,,
2911550919,PhilPierdo,Philip Pierdomenico,,
41566604,pierrebrt,Pierre Breteau,,
227794959,Piniisima,Carlos PiÃ±a,,
706158714995269632,pivaurelien,AurÃ©lien,,
285268642,pj_go_2020,PJ #GISTonicker,,
129041308,plutocrata,#GazaUnderAttack Â ğŸ‡µğŸ‡¸,,
3230987777,pmaneuvre,Paul Maneuvrier-Hervieu,,
276280627,pnelson917,Patrick Nelson,,
1413371,pol3,pol3,,
5779402,polemic,Hamish Campbell,,
2375648347,pony_mapper,Denis Krivoguz,,
2679909391,popelnuhh,Zlata Popelnuh,,
55871671,posiki,Pekka Sarkola,,
34737662,positium,Positium,,
126371824,posorioc,Pato Osorio,,
1129603700652105728,Prof__Quackers,Professor Quackers,,
203251523,prospero021,Note Dherapat,,
74507141,ProyectoBrujula,Revista BrÃºjula,,
1105263752553869312,R4DS_es,R para Ciencia de Datos,,
272936200,rajbhagatt,Raj Bhagat Palanichamy,,
3184944408,ramya_ragupathy,Ramya Ragupathy,,
757486268548845568,RandbeeCo,Randbee,,
4572855007,RashaElkheshien,Rasha Elkheshien,,
385013701,rastrau,Ralph Straumann,,
511040524,raveydave76,Dave Miller,,
603990409,raynald_garnier,Raynald GARNIER,,
993627282492329985,reconociendoMX,Reconociendo MX,,
818083243018907648,RegxaArdeo,ReÄa Ardeo,,
1033201788881694720,RicardoGastlum3,Ricardo GastÃ©lum,,
489547971,RichardZimerman,Richard Zimerman,,
559204199,rifqi_oktav,Rifqi Oktavianto,,
1191390740603133954,RihardsOlups,Rihards Olups,,
2236680859,rileydchampine,Riley D. Champine,,
3351949930,riverpeek,Ryan Peek,,
102625296,rizwan236,Rizwan Shaikh,,
817190209158873088,robert_squared,Robert Hickman Â ğŸ,,
596700175,RobertChiko,Afro_taku,,
14442542,robhawkes,Robin Hawkes,,
3004850417,rodolfoalmd,Rodolfo Almeida,,
83128968,rojo_neon,MÃ¡ximo Ernesto Jaramillo Molina,,
903528074,RomMoyon,Rom' Moyon,,
342250615,rOpenSci,rOpenSci,,
104213130,rorich,R.Richard,,
2968011622,RouzaudDenis,Denis rouzaud,,
94990146,Rrenzokutai,Ré€£ç¶šä½“ï¼ˆãƒ‡ãƒ¼ã‚¿ã®æµã‚ŒãŒè¦‹ãˆã™ãã‚‹çŒ«ï¼‰,,
562673751,run_for_funner,Vanessa KW,,
391136253,rustie5555,Rustie,,
297915370,ruth_mottram,Ruth Mottram,,
118229888,ruydg,Rodrigo Dorantes-Gilardi,,
3248429223,ryanjohnston678,Ryan Johnston,,
1148980152019275776,ryanpkyle,Ryan Patrick Kyle,,
6790312,rynbtmn,Ryan Bateman,,
40088929,SaadAlmadi,Ø³Ø¹Ø¯ Ø§Ù„Ù…Ù€Ù€Ø§Ø¶ÙŠ,,
21611806,sabio28,Carlos QuiÃ±ones,,
105407287,Saint_GIS,SRG,,
3436160716,SalvatiRehbein,Amanda,,
17938175,samedelstein,Sam Edelstein,,
363424734,SamIAmFargo,Sam Jenkins,,
984961572475981824,SamiKurani,Sami Kurani,,
147679328,sammyhawkrad,i'm HaWkrAd,,
309734801,samwise_v,Sam J,,
3552542476,SannaJokela1,Sanna Jokela,,
1033763185,sasha_trub,Sasha Trubetskoy,,
4847522098,SchalkValentin,Valentin Schalk,,
625297031,scottreinhard,Scott Reinhard,,
404240734,SDGeoGirl,Barbara Kent,,
1311442088,seba_jh,#PiÃ±eraRenuncia #PiÃ±eraDictador #PiÃ±eraAsesino,,
18552767,secou,Serge Courrier,,
9270922,SeirenFilms,SeirenFilms,,
880148317468061697,sergioajv1,SÃ©rgio OSMsmaprs,,
1050012228483776512,SergioIbarraEs1,Sergio Ibarra Espinosa,,
114216916,shakasom,Abdishakur,,
10915042,sharon000,Sharon Machlis,,
967719352932843521,ShinagawaJP,ã«ã‚ƒã‚“ã“ãã°Â ğŸŒ§ï¸,,
194199067,shonawilde,ginge,,
490579103,SignoOngis,Adrien Signorino,,
27567802,SimonGIS,Simon Jackson,,
250523687,smartwatermag,Smart Water Magazine,,
229214680,SmoothMuffin_,SmoothMuffin,,
370606590,soma_rich,Rich,,
216308396,SonjaKuijpers,Sonja Kuijpers | STUDIO TERP,,
4557614074,Soportaltda,SOPORTA,,
32776890,soroosj,Joel Soroos,,
1020137956869222401,SouthArrowMaps,Andrew Tyrrell,,
189508537,Spriteware,Spriteware,,
4374662363,SRashmitaPatro,S Rashmita Patro,,
760258543597432832,ssh_peace,Saeideh,,
1059542702579204096,ssp_guadalupe,PolicÃ­a de Guadalupe,,
895591511768813569,StatnMap,SÃ©bastien Rochette,,
49614517,stevanbarry,Stephen,,
363276700,stevefaeembra,Steven Kay,,
798842962083840000,surfacelibre,Surface Libre,,
2811204742,SWAC_OECD,SWAC OECD,,
138083232,swiss_geoportal,geo.admin.ch,,
3001864091,SzwagrzykMarcin,Marcin Szwagrzyk,,
953246589807677440,Tadusk0,Tatu LeppÃ¤mÃ¤ki,,
208241260,tande64,Geoman Â ğŸ´â€â˜ ï¸,,
1485791850,TastesLike_,LÃ©o Boisseau,,
827579161472561156,TeamInteractCA,INTERACT,,
3720386117,TeemuSaloriutta,Teemu Saloriutta,,
185632245,temporalista,Daniel Orellana,,
3137033395,The_Martini_Cat,Martinicat  Â ğŸ¸Â ğŸ˜º,,
386228649,TheAgermeister,David Ager,,
236587264,thecristen,cristen b,,
166348278,TheMapAddict,Richard Petry,,
21287004,TheRealJimShady,ğ—ğ—®ğ—ºğ—²ğ˜€ ğ——ğ—®ğ˜ƒğ—¶ğ—± ğ—¦ğ—ºğ—¶ğ˜ğ—µ,,
17183730,theworksla,Omar Ureta,,
1413281545,ThomasBanafa,Thomas Banafa,,
82467442,ThomasG77,Thomas gratier,,
2591404608,ThomasHurtut,Thomas Hurtut,,
2606576396,Thoughtfulnz,David Hood,,New Zealand
40976558,thoughtisdead,Bhanu K Â¯\_(ãƒ„)_/Â¯,,
2424592651,TimStOnge,Tim St. Onge,,
810004090340175872,titus_kibiwott,Titus Kibiwott,,
2198358416,tjukanov,Topi Tjukanov,,Finland
1193878175173922816,tky314540656,tky-3,,
352774804,TlapancoC,Jonathan TlapancoC,,
3504769453,toddrednz,Todd Redpath,,
195854644,toms_pu,Toms Purgailis Â ğŸ‡±ğŸ‡»,,
831941985334345728,topografen,topografen,,
44981447,torehalset,Tore Halset,,
387562177,totofiandaca,TotÃ² Fiandaca,,
1168003974,tslumley,Thomas Lumley,,
31547881,TSThrondsen,Torstein S Throndsen,,
14130929,ttso,Tuija Sonkkila,,
368711188,tweepsmap,Tweepsmap,,
574015988,tycgis,TYC GIS FormaciÃ³n,,
273781698,tylermorganwall,Tyler Morgan-Wall,,
23845411,u_ribo,Uryu Shinya,,
2914288013,UMBLuis,Luis JimÃ©nez,,
2194567850,umdfire,UMD FIRE,,
311043334,underdarkGIS,Anita Graser,,
343928585,undertheraedar,Alasdair Rae,,
1093148301250232320,vatsouth1,Veronica Southerland,,
2251009748,vb_jens,Jens von Bergmann,,
106197238,VetleHallas,Vetle Riis HallÃ¥s Â ğŸš¡,,
2213909976,VictimOfMaths,Colin Angus,,
1119202751718645760,VinodhDataArt,Vinodh kumar V R,,
1134609998980370432,visualizemap,visualizemap,,
496514453,visualvariable,Travis White,,
150805369,Vitali_DiMe,Vitali DÃ­az,,
2280154225,vivbynyc,viv,,
528956594,vizualdatos,Edwin Mendivil BarcelÃ³,,
3494716935,vlckel,EliÅ¡ka VlÄkovÃ¡,,
2773987448,Vokturu,Vokturu,,
1110113188736049152,volayaf,VÃ­ctor Olaya,,
24200121,voybhav,Vaibhav Bhawsar,,
36749252,wahlatlas,wahlatlas.net,,
989426149,walkabilly,Daniel Fuller,,
2600485038,WarningGraphicC,/!\ Graphic Content,,
1007189233977712640,WeNeedToTalkAb4,We Need To Talk About The Border,,
31334384,wgeary,Will Geary,,
1062764587186040833,WhatDoesKmean,WhatDoesKmean?,,
165669854,williamscraigm,Craig Williams,,
210041432,WolfgangPetzold,Wolfgang Petzold,,
27236923,writeny,Writer Meredith Kurz,,
1191269702904844291,XyCarto,XYCarto,,
99347779,YaNiPaper,YaNiPaper,,
15072690,yanncabon,Yann Cabon,,
748038863206088704,yavannie24,Shannon Gonzales,,
420644141,yigit_ym,Yasin Murat YiÄŸit,,
17677039,yordidam,Yordi Dam,,
41500240,yunjinzh,yunjinzh,,
3431704132,yuri_kasahara,Yuri Kasahara,,
977980418749210624,yuxtap,Yuxtap (History M-app),,
230445594,zealandiasarah,Zealandia Sarah N F,,
12306,zentree,Luis Apiolaza âš,Luis Apiolaza,New Zealand
823028088132997121,zhigus,Zhi He,,
1103150306152587264,Zuev34W,ĞĞ»ĞµĞºÑĞ°Ğ½Ğ´Ñ€ Ğ—ÑƒĞµĞ²,,
